sample_name,download_links,download_md5s,library_name,read_count,material,sample_host,library_treatment,library_strategy,library_layout,strand_type,library_polymerase,instrument_model,project_name,publication_doi,site_name,geo_loc_name,sample_age,archive_data_accession
BSQ001.A,ftp.sra.ebi.ac.uk/vol1/fastq/ERR357/007/ERR3579707/ERR3579707_1.fastq.gz;ftp.sra.ebi.ac.uk/vol1/fastq/ERR357/007/ERR3579707/ERR3579707_2.fastq.gz,83edb5835bcaac7a18358bd479ad5788;2179611c5f792b42c5b55d4e4b01d2a7,BSQ001.A0101,11596167,dental calculus,Homo sapiens,none,WGS,PAIRED,double,PfuTurbo Cx Hotstart DNA,NextSeq 500,FellowsYates2021,10.1073/pnas.2021655118,Unknown (Basque Pyranees region),Spain,200,ERR3579707
LIS001.A,ftp.sra.ebi.ac.uk/vol1/fastq/ERR357/003/ERR3579773/ERR3579773_1.fastq.gz;ftp.sra.ebi.ac.uk/vol1/fastq/ERR357/003/ERR3579773/ERR3579773_2.fastq.gz,e06db73ff52bd7c5cf4b188ba33ef18a;03069c4bc7d6dfb3bce2df3c9f369739,LIS001.A0101,11583417,dental calculus,Homo sapiens,none,WGS,PAIRED,double,PfuTurbo Cx Hotstart DNA,NextSeq 500,FellowsYates2021,10.1073/pnas.2021655118,"Lisbon Metropolitan Area, Portugal",Portugal,300,ERR3579773
LIS002.A,ftp.sra.ebi.ac.uk/vol1/fastq/ERR357/004/ERR3579774/ERR3579774_1.fastq.gz;ftp.sra.ebi.ac.uk/vol1/fastq/ERR357/004/ERR3579774/ERR3579774_2.fastq.gz,c7f2202f16a3e1f241fad50a99e6ae68;6bc00d48e6f9426e070698e567979a4e,LIS002.A0102,13488543,dental calculus,Homo sapiens,none,WGS,PAIRED,double,PfuTurbo Cx Hotstart DNA,NextSeq 500,FellowsYates2021,10.1073/pnas.2021655118,"Lisbon Metropolitan Area, Portugal",Portugal,300,ERR3579774
LIS003.A,ftp.sra.ebi.ac.uk/vol1/fastq/ERR357/005/ERR3579775/ERR3579775_1.fastq.gz;ftp.sra.ebi.ac.uk/vol1/fastq/ERR357/005/ERR3579775/ERR3579775_2.fastq.gz,b941528af1dca98892f2a2c6d31217f8;7209bd6919eaa3614f591012495d9f56,LIS003.A0101,11012329,dental calculus,Homo sapiens,none,WGS,PAIRED,double,PfuTurbo Cx Hotstart DNA,NextSeq 500,FellowsYates2021,10.1073/pnas.2021655118,"Lisbon Metropolitan Area, Portugal",Portugal,300,ERR3579775
PYK001.A,ftp.sra.ebi.ac.uk/vol1/fastq/ERR357/001/ERR3579801/ERR3579801_1.fastq.gz;ftp.sra.ebi.ac.uk/vol1/fastq/ERR357/001/ERR3579801/ERR3579801_2.fastq.gz,8a7a820dd4928ba27bda6351e881ad36;6d777b97cd45abc378a0fe5a38dfb5d4,PYK001.A0101,16440498,dental calculus,Homo sapiens,none,WGS,PAIRED,double,PfuTurbo Cx Hotstart DNA,NextSeq 500,FellowsYates2021,10.1073/pnas.2021655118,Polyoak,South Africa,200,ERR3579801
PYK002.A,ftp.sra.ebi.ac.uk/vol1/fastq/ERR357/002/ERR3579802/ERR3579802_1.fastq.gz;ftp.sra.ebi.ac.uk/vol1/fastq/ERR357/002/ERR3579802/ERR3579802_2.fastq.gz,acd30d844b86148d6d135aa0b87ec362;bbf57b18ceec2dd5046f0eafaa4abd42,PYK002.A0101,18911541,dental calculus,Homo sapiens,none,WGS,PAIRED,double,PfuTurbo Cx Hotstart DNA,NextSeq 500,FellowsYates2021,10.1073/pnas.2021655118,Polyoak,South Africa,200,ERR3579802
PYK003.A,ftp.sra.ebi.ac.uk/vol1/fastq/ERR357/003/ERR3579803/ERR3579803_1.fastq.gz;ftp.sra.ebi.ac.uk/vol1/fastq/ERR357/003/ERR3579803/ERR3579803_2.fastq.gz,4e70844e387c190a57a52534e90bc187;693005b5aa87c69d5d6fcaf0301dff2a,PYK003.A0101,15402298,dental calculus,Homo sapiens,none,WGS,PAIRED,double,PfuTurbo Cx Hotstart DNA,NextSeq 500,FellowsYates2021,10.1073/pnas.2021655118,Polyoak,South Africa,200,ERR3579803
PYK004.A,ftp.sra.ebi.ac.uk/vol1/fastq/ERR357/004/ERR3579804/ERR3579804_1.fastq.gz;ftp.sra.ebi.ac.uk/vol1/fastq/ERR357/004/ERR3579804/ERR3579804_2.fastq.gz,cd2e1cf6fde937d92e7ef16d7a00e671;160ea2b04570fa135aedee9edd87f02e,PYK004.A0101,17417086,dental calculus,Homo sapiens,none,WGS,PAIRED,double,PfuTurbo Cx Hotstart DNA,NextSeq 500,FellowsYates2021,10.1073/pnas.2021655118,Polyoak,South Africa,200,ERR3579804
PYK005.A,ftp.sra.ebi.ac.uk/vol1/fastq/ERR357/005/ERR3579805/ERR3579805_1.fastq.gz;ftp.sra.ebi.ac.uk/vol1/fastq/ERR357/005/ERR3579805/ERR3579805_2.fastq.gz,73cc17edd0e6361f59c5bb93c66ad590;92fa573a3416dcf1c428d007eefe0786,PYK005.A0101,21774956,dental calculus,Homo sapiens,none,WGS,PAIRED,double,PfuTurbo Cx Hotstart DNA,NextSeq 500,FellowsYates2021,10.1073/pnas.2021655118,Polyoak,South Africa,200,ERR3579805
JAE013.A,ftp.sra.ebi.ac.uk/vol1/fastq/ERR330/001/ERR3307051/ERR3307051_1.fastq.gz;ftp.sra.ebi.ac.uk/vol1/fastq/ERR330/001/ERR3307051/ERR3307051_2.fastq.gz,8fb5481a59be45312bf2ad21425cc005;1d3713c78b3118562b26d7de1d908fcc,JAE013.A0101,31295281,dental calculus,Homo sapiens,none,WGS,PAIRED,double,PfuTurbo,NextSeq 500,Velsko2019,10.1186/s40168-019-0717-3,Jaen,Spain,modern,ERR3307051
JAE015.A,ftp.sra.ebi.ac.uk/vol1/fastq/ERR330/003/ERR3307053/ERR3307053_1.fastq.gz;ftp.sra.ebi.ac.uk/vol1/fastq/ERR330/003/ERR3307053/ERR3307053_2.fastq.gz,51a6af31d8156be3c73fa58c1febd31c;bbeb8d5a832bac218094bd184a39f774,JAE015.A0101,45398636,dental calculus,Homo sapiens,none,WGS,PAIRED,double,PfuTurbo,NextSeq 500,Velsko2019,10.1186/s40168-019-0717-3,Jaen,Spain,modern,ERR3307053
JAE012.A,ftp.sra.ebi.ac.uk/vol1/fastq/ERR330/000/ERR3307050/ERR3307050_1.fastq.gz;ftp.sra.ebi.ac.uk/vol1/fastq/ERR330/000/ERR3307050/ERR3307050_2.fastq.gz,da4614d05b07d2200197f554b96d0a7d;668a6801e61067a0d84d13e6a793f19c,JAE012.A0101,47839599,dental calculus,Homo sapiens,none,WGS,PAIRED,double,PfuTurbo,NextSeq 500,Velsko2019,10.1186/s40168-019-0717-3,Jaen,Spain,modern,ERR3307050
JAE010.A,ftp.sra.ebi.ac.uk/vol1/fastq/ERR330/009/ERR3307049/ERR3307049_1.fastq.gz;ftp.sra.ebi.ac.uk/vol1/fastq/ERR330/009/ERR3307049/ERR3307049_2.fastq.gz,35c6b3b80d37e8fdf7b479e632ad3b72;3ce0a5a052da7f0b27afc20392bcca8a,JAE010.A0101,49865920,dental calculus,Homo sapiens,none,WGS,PAIRED,double,PfuTurbo,NextSeq 500,Velsko2019,10.1186/s40168-019-0717-3,Jaen,Spain,modern,ERR3307049
JAE008.A,ftp.sra.ebi.ac.uk/vol1/fastq/ERR330/007/ERR3307047/ERR3307047_1.fastq.gz;ftp.sra.ebi.ac.uk/vol1/fastq/ERR330/007/ERR3307047/ERR3307047_2.fastq.gz,15bf170608d24a2ad43e1bade0bcc2dd;bdaea3c0e254381f2302269dca45ebd1,JAE008.A0101,51309213,dental calculus,Homo sapiens,none,WGS,PAIRED,double,PfuTurbo,NextSeq 500,Velsko2019,10.1186/s40168-019-0717-3,Jaen,Spain,modern,ERR3307047
