sample_name,host_species,study
BSQ001.A,Homo sapiens,FellowsYates2021
LIS001.A,Homo sapiens,FellowsYates2021
LIS002.A,Homo sapiens,FellowsYates2021
LIS003.A,Homo sapiens,FellowsYates2021
PYK001.A,Homo sapiens,FellowsYates2021
PYK002.A,Homo sapiens,FellowsYates2021
PYK003.A,Homo sapiens,FellowsYates2021
PYK004.A,Homo sapiens,FellowsYates2021
PYK005.A,Homo sapiens,FellowsYates2021
JAE013.A,Homo sapiens,Velsko2019
JAE015.A,Homo sapiens,Velsko2019
JAE012.A,Homo sapiens,Velsko2019
JAE010.A,Homo sapiens,Velsko2019
JAE008.A,Homo sapiens,Velsko2019
DM_002,Sus domesticus,This Study
DM_003,Sus scrofa,This Study
DM_004,Sus scrofa,This Study
DM_005,Sus domesticus,This Study
DM_006,Sus scrofa,This Study
DM_007,Sus scrofa,This Study
DM_008,Sus domesticus,This Study
DM_009,Ovis aries,This Study
DM_010,Sus scrofa,This Study
DM_011,Sus scrofa,This Study
DM_012,Sus scrofa,This Study
DM_013,Sus domesticus,This Study
DM_014,Sus domesticus,This Study
DM_015,Sus domesticus,This Study
DM_016,Sus domesticus,This Study
DM_017,Sus domesticus,This Study
DM_019,Sus domesticus,This Study
DM_020,Sus domesticus,This Study
DM_021,Sus domesticus,This Study
DM_022,Sus domesticus,This Study
DM_026,Equus caballus,This Study
DM_027,Equus caballus,This Study
DM_028,Equus caballus,This Study
DM_029,Equus caballus,This Study
HM_043,Ovis ammon,This Study
MS_004,Ovis aries,This Study
MS_005,Ovis aries,This Study
MS_009,Ovis aries,This Study
MS_010,Ovis aries,This Study
MS_029,Ovis aries,This Study
MS_032,Ovis aries,This Study
MS_051,Ovis aries,This Study
MS_053,Ovis aries,This Study
MS_057,Ovis aries,This Study
MS_058,Ovis aries,This Study
MS_091,Ovis aries,This Study
MS_092,Ovis aries,This Study
MS_095,Ovis aries,This Study
MS_096,Ovis aries,This Study
MS_099,Ovis aries,This Study
MS_101,Ovis aries,This Study
MS_102,Ovis aries,This Study
MS_103,Ovis aries,This Study
MS_104,Ovis aries,This Study
MS_105,Ovis aries,This Study
MS_106,Ovis aries,This Study
MS_107,Ovis aries,This Study
MS_108,Ovis aries,This Study
MS_109,Ovis aries,This Study
MS_113,Ovis aries,This Study
MS_114,Ovis aries,This Study
MS_117,Ovis aries,This Study
MS_118,Ovis aries,This Study
MS_121,Equus caballus,This Study
MS_122,Equus caballus,This Study
MV_099,Sus scrofa,This Study
MV_100,Sus scrofa,This Study
MV_102,Sus scrofa,This Study
MV_103,Sus scrofa,This Study
MV_201,Sus scrofa,This Study
MV_202,Sus scrofa,This Study
MV_203,Sus scrofa,This Study
MV_204,Sus scrofa,This Study
MV_206,Sus scrofa,This Study
MV_207,Sus scrofa,This Study
MV_208,Sus scrofa,This Study
MV_209,Sus scrofa,This Study
MV_210,Sus scrofa,This Study
MV_211,Sus scrofa,This Study
MV_212,Sus scrofa,This Study
MV_213,Sus scrofa,This Study
MV_214,Sus scrofa,This Study
MV_215,Sus scrofa,This Study
MV_216,Sus scrofa,This Study
MV_284,Ovis ammon,This Study
MV_285,Ovis ammon,This Study
MV_286,Ovis ammon,This Study
MV_287,Ovis ammon,This Study
MV_288,Ovis ammon,This Study
MV_289,Ovis ammon,This Study
MV_290,Ovis ammon,This Study
MV_291,Ovis ammon,This Study
MV_292,Ovis ammon,This Study
RM_112,Equus quagga,This Study
RM_113,Equus quagga,This Study
RM_114,Equus quagga,This Study
RM_116,Equus quagga,This Study
RM_117,Equus quagga,This Study
RM_118,Equus quagga,This Study
RM_120,Equus quagga,This Study
RM_121,Equus quagga,This Study
RM_122,Equus quagga,This Study
RM_123,Equus quagga,This Study
RM_124,Equus quagga,This Study
RM_125,Equus quagga,This Study
RM_126,Equus quagga,This Study
RM_127,Equus quagga,This Study
RM_128,Equus quagga,This Study
RM_129,Equus quagga,This Study
RM_130,Equus quagga,This Study
RM_131,Equus quagga,This Study
RM_133,Equus quagga,This Study
RM_135,Equus quagga,This Study
RM_136,Equus quagga,This Study
RM_137,Equus quagga,This Study
RM_138,Equus quagga,This Study
RM_140,Equus quagga,This Study
maybe_DM_017,Sus domesticus,This Study
